Origin,Origin Name,Origin City,Origin State,Origin Country,Destination,Destination Name,Destination City,Destination State,Destination Country,Occurrences,Total SeatsGRU,Guarulhos Intl,Sao Paulo-Guarulhos,SP,Brazil,SSA,Luis E. Magalhaes Intl,Salvador,BA,Brazil,280,424941GRU,Guarulhos Intl,Sao Paulo-Guarulhos,SP,Brazil,POA,Salgado Filho Intl,Porto Alegre,RS,Brazil,327,393137GRU,Guarulhos Intl,Sao Paulo-Guarulhos,SP,Brazil,REC,Guararapes International,Recife,PE,Brazil,193,361184GRU,Guarulhos Intl,Sao Paulo-Guarulhos,SP,Brazil,SCL,Arturo M Benitez,Santiago,,Chile,247,355543GRU,Guarulhos Intl,Sao Paulo-Guarulhos,SP,Brazil,CWB,Afonso Pena International,Curitiba,PR,Brazil,291,350929GRU,Guarulhos Intl,Sao Paulo-Guarulhos,SP,Brazil,GIG,Galeao-A.C.Jobim Intl,Rio De Janeiro,RJ,Brazil,207,313230GRU,Guarulhos Intl,Sao Paulo-Guarulhos,SP,Brazil,FOR,Pinto Martins International,Fortaleza,CE,Brazil,234,311751GRU,Guarulhos Intl,Sao Paulo-Guarulhos,SP,Brazil,CNF,Tancredo Never International,Belo Horizonte,MG,Brazil,241,270947GRU,Guarulhos Intl,Sao Paulo-Guarulhos,SP,Brazil,BSB,J. Kubitschek Intl,Brasilia,DF,Brazil,207,240295GRU,Guarulhos Intl,Sao Paulo-Guarulhos,SP,Brazil,FLN,Hercilio Luz International,Florianopolis,SC,Brazil,136,212796GRU,Guarulhos Intl,Sao Paulo-Guarulhos,SP,Brazil,MIA,Miami International,Miami,FL,United States,85,211717GRU,Guarulhos Intl,Sao Paulo-Guarulhos,SP,Brazil,SDU,Santos Dumont,Rio de Janeiro-Santos,RJ,Brazil,217,211059GRU,Guarulhos Intl,Sao Paulo-Guarulhos,SP,Brazil,EZE,Ministro Pistarini,Buenos Aires,BA,Argentina,125,206453GRU,Guarulhos Intl,Sao Paulo-Guarulhos,SP,Brazil,AEP,Jorge Newbery,Buenos Aires-Newbery,BA,Argentina,207,177372GRU,Guarulhos Intl,Sao Paulo-Guarulhos,SP,Brazil,VIX,E. de Aguiar Salles,Vitoria,ES,Brazil,148,164829GRU,Guarulhos Intl,Sao Paulo-Guarulhos,SP,Brazil,MCZ,Zumbi dos Palmares Int,Maceio,AL,Brazil,82,164123GRU,Guarulhos Intl,Sao Paulo-Guarulhos,SP,Brazil,MAD,Adolfo Suarez-Barajas,Madrid,,Spain,88,151988GRU,Guarulhos Intl,Sao Paulo-Guarulhos,SP,Brazil,CGB,Marechal Rondon Intl,Cuiaba,MT,Brazil,100,146628GRU,Guarulhos Intl,Sao Paulo-Guarulhos,SP,Brazil,GYN,Santa Genoveva,Goiania,GO,Brazil,138,138187GRU,Guarulhos Intl,Sao Paulo-Guarulhos,SP,Brazil,LIM,Jorge Chavez Intl,Lima,,Peru,50,136013GRU,Guarulhos Intl,Sao Paulo-Guarulhos,SP,Brazil,CDG,Charles De Gaulle,Paris-De Gaulle,,France,31,128701GRU,Guarulhos Intl,Sao Paulo-Guarulhos,SP,Brazil,IGU,Cataratas International,Foz do Iguacu,PR,Brazil,86,126305GRU,Guarulhos Intl,Sao Paulo-Guarulhos,SP,Brazil,MAO,Eduardo Gomes Intl,Manaus,AM,Brazil,50,118327GRU,Guarulhos Intl,Sao Paulo-Guarulhos,SP,Brazil,NAT,Natal International,Natal,RN,Brazil,62,118230GRU,Guarulhos Intl,Sao Paulo-Guarulhos,SP,Brazil,BEL,Val de Cans Intl,Belem,PA,Brazil,76,114944GRU,Guarulhos Intl,Sao Paulo-Guarulhos,SP,Brazil,LHR,Heathrow,London-Heathrow,EN,United Kingdom,35,113367GRU,Guarulhos Intl,Sao Paulo-Guarulhos,SP,Brazil,MVD,Carrasco,Montevideo,,Uruguay,91,112878GRU,Guarulhos Intl,Sao Paulo-Guarulhos,SP,Brazil,FRA,Frankfurt International Airport,Frankfurt,,Germany,15,105322GRU,Guarulhos Intl,Sao Paulo-Guarulhos,SP,Brazil,AJU,Santa Maria,Aracaju,SE,Brazil,52,101470GRU,Guarulhos Intl,Sao Paulo-Guarulhos,SP,Brazil,PTY,"Tocumen Intl, Panama R",Panama City,,Panama,36,99160GRU,Guarulhos Intl,Sao Paulo-Guarulhos,SP,Brazil,BOG,El Dorado Intl,Bogota,,Colombia,49,95030GRU,Guarulhos Intl,Sao Paulo-Guarulhos,SP,Brazil,CGR,Campo Grande International,Campo Grande,MS,Brazil,83,93743GRU,Guarulhos Intl,Sao Paulo-Guarulhos,SP,Brazil,ASU,Silvio Pettirossi Intl,Asuncion,,Paraguay,61,83173GRU,Guarulhos Intl,Sao Paulo-Guarulhos,SP,Brazil,JFK,John F Kennedy Intl,New York-JFK,NY,United States,54,81143GRU,Guarulhos Intl,Sao Paulo-Guarulhos,SP,Brazil,JPA,Castro Pinto International,Joao Pessoa,PB,Brazil,47,78561GRU,Guarulhos Intl,Sao Paulo-Guarulhos,SP,Brazil,BPS,Porto Seguro,Porto Seguro,BA,Brazil,65,74063GRU,Guarulhos Intl,Sao Paulo-Guarulhos,SP,Brazil,MEX,Benito Juarez Intl,Mexico City,,Mexico,52,69209GRU,Guarulhos Intl,Sao Paulo-Guarulhos,SP,Brazil,SLZ,Cunha Machado Intl,Sao Luiz,MA,Brazil,39,61167GRU,Guarulhos Intl,Sao Paulo-Guarulhos,SP,Brazil,IST,Ataturk,Istanbul,,Turkey,14,61088GRU,Guarulhos Intl,Sao Paulo-Guarulhos,SP,Brazil,NVT,Victor Konder Intl,Navegantes,SC,Brazil,57,58811GRU,Guarulhos Intl,Sao Paulo-Guarulhos,SP,Brazil,MCO,Orlando Intl,Orlando,FL,United States,30,58196GRU,Guarulhos Intl,Sao Paulo-Guarulhos,SP,Brazil,DXB,Dubai International,Dubai,,United Arab Emirates,9,56473GRU,Guarulhos Intl,Sao Paulo-Guarulhos,SP,Brazil,IAD,Dulles International,Washington-Dulles,VA,United States,14,47304GRU,Guarulhos Intl,Sao Paulo-Guarulhos,SP,Brazil,AMS,Schiphol,Amsterdam,,Netherlands,8,46722GRU,Guarulhos Intl,Sao Paulo-Guarulhos,SP,Brazil,LIS,Lisboa,Lisbon,,Portugal,37,46187GRU,Guarulhos Intl,Sao Paulo-Guarulhos,SP,Brazil,EWR,Newark Intl,Newark,NJ,United States,13,45738GRU,Guarulhos Intl,Sao Paulo-Guarulhos,SP,Brazil,AUH,Abu Dhabi Intl,Abu Dhabi,,United Arab Emirates,11,45697GRU,Guarulhos Intl,Sao Paulo-Guarulhos,SP,Brazil,THE,Petronio Portella,Teresina,PI,Brazil,26,45549GRU,Guarulhos Intl,Sao Paulo-Guarulhos,SP,Brazil,DOH,Hamad International Airport,Doha,,Qatar,10,44548GRU,Guarulhos Intl,Sao Paulo-Guarulhos,SP,Brazil,RAO,Leite Lopes,Ribeirao Preto,SP,Brazil,54,41474GRU,Guarulhos Intl,Sao Paulo-Guarulhos,SP,Brazil,LDB,Jose Richa,Londrina,PR,Brazil,54,39426GRU,Guarulhos Intl,Sao Paulo-Guarulhos,SP,Brazil,JNB,O.R. Tambo International Airport,Johannesburg,,South Africa,50,39289GRU,Guarulhos Intl,Sao Paulo-Guarulhos,SP,Brazil,FCO,Fiumicino,Rome-Da Vinci,,Italy,9,38969GRU,Guarulhos Intl,Sao Paulo-Guarulhos,SP,Brazil,IAH,George Bush Intercontinental,Houston-Intercontinental,TX,United States,14,37965GRU,Guarulhos Intl,Sao Paulo-Guarulhos,SP,Brazil,MXP,Malpensa,Milan-Malpensa,,Italy,20,35863GRU,Guarulhos Intl,Sao Paulo-Guarulhos,SP,Brazil,VVI,Viru Viru Intl,Santa Cruz-Viru Viru,,Bolivia,16,34880GRU,Guarulhos Intl,Sao Paulo-Guarulhos,SP,Brazil,ZRH,Zurich,Zurich,,Switzerland,15,34602GRU,Guarulhos Intl,Sao Paulo-Guarulhos,SP,Brazil,MGF,Silvio Name Jr.,Maringa,PR,Brazil,37,33342GRU,Guarulhos Intl,Sao Paulo-Guarulhos,SP,Brazil,ORD,O'Hare International,Chicago-O'Hare,IL,United States,8,30582GRU,Guarulhos Intl,Sao Paulo-Guarulhos,SP,Brazil,PPB,Presidente Prudente,Presidente Prudente,SP,Brazil,14,29856GRU,Guarulhos Intl,Sao Paulo-Guarulhos,SP,Brazil,ATL,Hartsfield-Jackson ATL,Atlanta,GA,United States,34,28956GRU,Guarulhos Intl,Sao Paulo-Guarulhos,SP,Brazil,CAC,A.Mendes da Silva,Cascavel,PR,Brazil,20,27803GRU,Guarulhos Intl,Sao Paulo-Guarulhos,SP,Brazil,COR,Pajas Blancas,Cordoba,CD,Argentina,26,27717GRU,Guarulhos Intl,Sao Paulo-Guarulhos,SP,Brazil,UDI,Cesar Bombonato,Uberlandia,MG,Brazil,26,27538GRU,Guarulhos Intl,Sao Paulo-Guarulhos,SP,Brazil,MUC,Franz Josef Strauss International,Munich,,Germany,19,27145GRU,Guarulhos Intl,Sao Paulo-Guarulhos,SP,Brazil,JOI,Lauro Carneiro Loyola,Joinville,SC,Brazil,48,25448GRU,Guarulhos Intl,Sao Paulo-Guarulhos,SP,Brazil,ROS,Islas Malvinas,Rosario,SF,Argentina,26,24912GRU,Guarulhos Intl,Sao Paulo-Guarulhos,SP,Brazil,BCN,Barcelona,Barcelona,,Spain,15,24395GRU,Guarulhos Intl,Sao Paulo-Guarulhos,SP,Brazil,DFW,Dallas/Ft Worth Intl,Dallas/Fort Worth,TX,United States,9,23433GRU,Guarulhos Intl,Sao Paulo-Guarulhos,SP,Brazil,LAX,Los Angeles Intl,Los Angeles,CA,United States,13,20553GRU,Guarulhos Intl,Sao Paulo-Guarulhos,SP,Brazil,JTC,Moussa Nakhl Tobias,Bauru,SP,Brazil,12,20274GRU,Guarulhos Intl,Sao Paulo-Guarulhos,SP,Brazil,YYZ,Lester B. Pearson Intl,Toronto,ON,Canada,10,19547GRU,Guarulhos Intl,Sao Paulo-Guarulhos,SP,Brazil,LAD,4 De Fevereiro,Luanda,,Angola,5,17755GRU,Guarulhos Intl,Sao Paulo-Guarulhos,SP,Brazil,CMN,Mohammed V,Casablanca,,Morocco,20,17040GRU,Guarulhos Intl,Sao Paulo-Guarulhos,SP,Brazil,AGT,Guarani International Airport,Ciudad Del Este,,Paraguay,19,16272GRU,Guarulhos Intl,Sao Paulo-Guarulhos,SP,Brazil,JDO,O. Bezerra de Menezes,Juazeiro Do Norte,CE,Brazil,11,16254GRU,Guarulhos Intl,Sao Paulo-Guarulhos,SP,Brazil,DTW,Metropolitan Wayne County,Detroit,MI,United States,19,13421GRU,Guarulhos Intl,Sao Paulo-Guarulhos,SP,Brazil,CCS,Simon Bolivar International,Caracas,,Venezuela,11,11601GRU,Guarulhos Intl,Sao Paulo-Guarulhos,SP,Brazil,IOS,Jorge Amado,Ilheus,BA,Brazil,6,11552GRU,Guarulhos Intl,Sao Paulo-Guarulhos,SP,Brazil,PUJ,Punta Cana International,Punta Cana,,Dominican Republic,18,11328GRU,Guarulhos Intl,Sao Paulo-Guarulhos,SP,Brazil,SJP,Eribelto Manoel Reino,Sao Jose do Rio Preto,SP,Brazil,8,10385GRU,Guarulhos Intl,Sao Paulo-Guarulhos,SP,Brazil,PLU,Pampulha,Belo Horizonte,MG,Brazil,6,9800GRU,Guarulhos Intl,Sao Paulo-Guarulhos,SP,Brazil,OPO,Porto,Porto,,Portugal,8,9378GRU,Guarulhos Intl,Sao Paulo-Guarulhos,SP,Brazil,VDC,P. Otacilio Figueiredo,Vitoria da Conquista,BA,Brazil,8,9179GRU,Guarulhos Intl,Sao Paulo-Guarulhos,SP,Brazil,ADD,Bole International,Addis Ababa,,Ethiopia,8,8100GRU,Guarulhos Intl,Sao Paulo-Guarulhos,SP,Brazil,CBB,Jorge Wilstermann Intl,Cochabamba,,Bolivia,6,7703GRU,Guarulhos Intl,Sao Paulo-Guarulhos,SP,Brazil,PFB,Lauro Kurtz,Passo Fundo,RS,Brazil,8,7080GRU,Guarulhos Intl,Sao Paulo-Guarulhos,SP,Brazil,DOU,F. de Matos Pereira,Dourados,MS,Brazil,7,6767GRU,Guarulhos Intl,Sao Paulo-Guarulhos,SP,Brazil,PVH,J.T. de Oliveira Intl,Porto Velho,RO,Brazil,9,6159GRU,Guarulhos Intl,Sao Paulo-Guarulhos,SP,Brazil,MDZ,El Plumerillo,Mendoza,MD,Argentina,5,5244GRU,Guarulhos Intl,Sao Paulo-Guarulhos,SP,Brazil,UIO,Mariscal Sucre Intl,Quito,,Ecuador,6,4882GRU,Guarulhos Intl,Sao Paulo-Guarulhos,SP,Brazil,CUN,Cancun International,Cancun,,Mexico,8,4238GRU,Guarulhos Intl,Sao Paulo-Guarulhos,SP,Brazil,IZA,Presidente I. Franco,Juiz de Fora,MG,Brazil,5,3150GRU,Guarulhos Intl,Sao Paulo-Guarulhos,SP,Brazil,UBA,M. de Almeida Franco,Uberaba,MG,Brazil,2,2948GRU,Guarulhos Intl,Sao Paulo-Guarulhos,SP,Brazil,PDP,Punta Del Este-Arpt,Punta Del Este,,Uruguay,7,2610GRU,Guarulhos Intl,Sao Paulo-Guarulhos,SP,Brazil,BGI,Grantley Adams International,Bridgetown,,Barbados,3,1770GRU,Guarulhos Intl,Sao Paulo-Guarulhos,SP,Brazil,AUA,Reina Beatrix,Aruba,,Aruba,5,1593GRU,Guarulhos Intl,Sao Paulo-Guarulhos,SP,Brazil,HAV,Jose Marti Intl,Havana,,Cuba,1,534