Origin,Origin Name,Origin City,Origin State,Origin Country,Destination,Destination Name,Destination City,Destination State,Destination Country,Occurrences,Total SeatsGRU,Guarulhos Intl,Sao Paulo-Guarulhos,SP,Brazil,SSA,Luis E. Magalhaes Intl,Salvador,BA,Brazil,272,575240GRU,Guarulhos Intl,Sao Paulo-Guarulhos,SP,Brazil,REC,Guararapes International,Recife,PE,Brazil,194,525877GRU,Guarulhos Intl,Sao Paulo-Guarulhos,SP,Brazil,POA,Salgado Filho Intl,Porto Alegre,RS,Brazil,320,509543GRU,Guarulhos Intl,Sao Paulo-Guarulhos,SP,Brazil,FOR,Pinto Martins International,Fortaleza,CE,Brazil,225,450277GRU,Guarulhos Intl,Sao Paulo-Guarulhos,SP,Brazil,SCL,Arturo M Benitez,Santiago,,Chile,223,437062GRU,Guarulhos Intl,Sao Paulo-Guarulhos,SP,Brazil,CWB,Afonso Pena International,Curitiba,PR,Brazil,289,424479GRU,Guarulhos Intl,Sao Paulo-Guarulhos,SP,Brazil,GIG,Galeao-A.C.Jobim Intl,Rio De Janeiro,RJ,Brazil,210,413404GRU,Guarulhos Intl,Sao Paulo-Guarulhos,SP,Brazil,CNF,Tancredo Never International,Belo Horizonte,MG,Brazil,229,335533GRU,Guarulhos Intl,Sao Paulo-Guarulhos,SP,Brazil,BSB,J. Kubitschek Intl,Brasilia,DF,Brazil,221,315699GRU,Guarulhos Intl,Sao Paulo-Guarulhos,SP,Brazil,MIA,Miami International,Miami,FL,United States,62,299974GRU,Guarulhos Intl,Sao Paulo-Guarulhos,SP,Brazil,FLN,Hercilio Luz International,Florianopolis,SC,Brazil,151,293667GRU,Guarulhos Intl,Sao Paulo-Guarulhos,SP,Brazil,SDU,Santos Dumont,Rio de Janeiro-Santos,RJ,Brazil,223,253674GRU,Guarulhos Intl,Sao Paulo-Guarulhos,SP,Brazil,EZE,Ministro Pistarini,Buenos Aires,BA,Argentina,112,250579GRU,Guarulhos Intl,Sao Paulo-Guarulhos,SP,Brazil,AEP,Jorge Newbery,Buenos Aires-Newbery,BA,Argentina,195,230030GRU,Guarulhos Intl,Sao Paulo-Guarulhos,SP,Brazil,MCZ,Zumbi dos Palmares Int,Maceio,AL,Brazil,95,215234GRU,Guarulhos Intl,Sao Paulo-Guarulhos,SP,Brazil,VIX,E. de Aguiar Salles,Vitoria,ES,Brazil,152,211426GRU,Guarulhos Intl,Sao Paulo-Guarulhos,SP,Brazil,LIM,Jorge Chavez Intl,Lima,,Peru,42,191863GRU,Guarulhos Intl,Sao Paulo-Guarulhos,SP,Brazil,MAD,Adolfo Suarez-Barajas,Madrid,,Spain,91,187831GRU,Guarulhos Intl,Sao Paulo-Guarulhos,SP,Brazil,CGB,Marechal Rondon Intl,Cuiaba,MT,Brazil,111,181658GRU,Guarulhos Intl,Sao Paulo-Guarulhos,SP,Brazil,CDG,Charles De Gaulle,Paris-De Gaulle,,France,26,181333GRU,Guarulhos Intl,Sao Paulo-Guarulhos,SP,Brazil,GYN,Santa Genoveva,Goiania,GO,Brazil,134,173528GRU,Guarulhos Intl,Sao Paulo-Guarulhos,SP,Brazil,BEL,Val de Cans Intl,Belem,PA,Brazil,75,161534GRU,Guarulhos Intl,Sao Paulo-Guarulhos,SP,Brazil,IGU,Cataratas International,Foz do Iguacu,PR,Brazil,95,158266GRU,Guarulhos Intl,Sao Paulo-Guarulhos,SP,Brazil,LHR,Heathrow,London-Heathrow,EN,United Kingdom,29,152184GRU,Guarulhos Intl,Sao Paulo-Guarulhos,SP,Brazil,NAT,Natal International,Natal,RN,Brazil,65,151884GRU,Guarulhos Intl,Sao Paulo-Guarulhos,SP,Brazil,MAO,Eduardo Gomes Intl,Manaus,AM,Brazil,48,149550GRU,Guarulhos Intl,Sao Paulo-Guarulhos,SP,Brazil,MVD,Carrasco,Montevideo,,Uruguay,69,147592GRU,Guarulhos Intl,Sao Paulo-Guarulhos,SP,Brazil,FRA,Frankfurt International Airport,Frankfurt,,Germany,10,145620GRU,Guarulhos Intl,Sao Paulo-Guarulhos,SP,Brazil,AJU,Santa Maria,Aracaju,SE,Brazil,54,142774GRU,Guarulhos Intl,Sao Paulo-Guarulhos,SP,Brazil,BOG,El Dorado Intl,Bogota,,Colombia,42,132330GRU,Guarulhos Intl,Sao Paulo-Guarulhos,SP,Brazil,CGR,Campo Grande International,Campo Grande,MS,Brazil,81,125962GRU,Guarulhos Intl,Sao Paulo-Guarulhos,SP,Brazil,JPA,Castro Pinto International,Joao Pessoa,PB,Brazil,46,116712GRU,Guarulhos Intl,Sao Paulo-Guarulhos,SP,Brazil,PTY,"Tocumen Intl, Panama R",Panama City,,Panama,32,115302GRU,Guarulhos Intl,Sao Paulo-Guarulhos,SP,Brazil,BPS,Porto Seguro,Porto Seguro,BA,Brazil,75,110416GRU,Guarulhos Intl,Sao Paulo-Guarulhos,SP,Brazil,JFK,John F Kennedy Intl,New York-JFK,NY,United States,52,102033GRU,Guarulhos Intl,Sao Paulo-Guarulhos,SP,Brazil,ASU,Silvio Pettirossi Intl,Asuncion,,Paraguay,50,102020GRU,Guarulhos Intl,Sao Paulo-Guarulhos,SP,Brazil,MEX,Benito Juarez Intl,Mexico City,,Mexico,60,91742GRU,Guarulhos Intl,Sao Paulo-Guarulhos,SP,Brazil,SLZ,Cunha Machado Intl,Sao Luiz,MA,Brazil,31,87611GRU,Guarulhos Intl,Sao Paulo-Guarulhos,SP,Brazil,DXB,Dubai International,Dubai,,United Arab Emirates,7,87063GRU,Guarulhos Intl,Sao Paulo-Guarulhos,SP,Brazil,MCO,Orlando Intl,Orlando,FL,United States,24,84774GRU,Guarulhos Intl,Sao Paulo-Guarulhos,SP,Brazil,IST,Ataturk,Istanbul,,Turkey,9,81564GRU,Guarulhos Intl,Sao Paulo-Guarulhos,SP,Brazil,NVT,Victor Konder Intl,Navegantes,SC,Brazil,66,78696GRU,Guarulhos Intl,Sao Paulo-Guarulhos,SP,Brazil,AMS,Schiphol,Amsterdam,,Netherlands,6,70109GRU,Guarulhos Intl,Sao Paulo-Guarulhos,SP,Brazil,IAD,Dulles International,Washington-Dulles,VA,United States,11,66286GRU,Guarulhos Intl,Sao Paulo-Guarulhos,SP,Brazil,THE,Petronio Portella,Teresina,PI,Brazil,30,64074GRU,Guarulhos Intl,Sao Paulo-Guarulhos,SP,Brazil,AUH,Abu Dhabi Intl,Abu Dhabi,,United Arab Emirates,10,60286GRU,Guarulhos Intl,Sao Paulo-Guarulhos,SP,Brazil,FCO,Fiumicino,Rome-Da Vinci,,Italy,7,57428GRU,Guarulhos Intl,Sao Paulo-Guarulhos,SP,Brazil,RAO,Leite Lopes,Ribeirao Preto,SP,Brazil,56,57363GRU,Guarulhos Intl,Sao Paulo-Guarulhos,SP,Brazil,EWR,Newark Intl,Newark,NJ,United States,8,56144GRU,Guarulhos Intl,Sao Paulo-Guarulhos,SP,Brazil,LIS,Lisboa,Lisbon,,Portugal,30,55295GRU,Guarulhos Intl,Sao Paulo-Guarulhos,SP,Brazil,DOH,Hamad International Airport,Doha,,Qatar,7,54908GRU,Guarulhos Intl,Sao Paulo-Guarulhos,SP,Brazil,LDB,Jose Richa,Londrina,PR,Brazil,53,51600GRU,Guarulhos Intl,Sao Paulo-Guarulhos,SP,Brazil,ZRH,Zurich,Zurich,,Switzerland,12,50370GRU,Guarulhos Intl,Sao Paulo-Guarulhos,SP,Brazil,IAH,George Bush Intercontinental,Houston-Intercontinental,TX,United States,8,48477GRU,Guarulhos Intl,Sao Paulo-Guarulhos,SP,Brazil,VVI,Viru Viru Intl,Santa Cruz-Viru Viru,,Bolivia,16,43802GRU,Guarulhos Intl,Sao Paulo-Guarulhos,SP,Brazil,JNB,O.R. Tambo International Airport,Johannesburg,,South Africa,58,42303GRU,Guarulhos Intl,Sao Paulo-Guarulhos,SP,Brazil,MGF,Silvio Name Jr.,Maringa,PR,Brazil,38,36847GRU,Guarulhos Intl,Sao Paulo-Guarulhos,SP,Brazil,COR,Pajas Blancas,Cordoba,CD,Argentina,31,36843GRU,Guarulhos Intl,Sao Paulo-Guarulhos,SP,Brazil,PPB,Presidente Prudente,Presidente Prudente,SP,Brazil,13,36678GRU,Guarulhos Intl,Sao Paulo-Guarulhos,SP,Brazil,ORD,O'Hare International,Chicago-O'Hare,IL,United States,5,35872GRU,Guarulhos Intl,Sao Paulo-Guarulhos,SP,Brazil,BCN,Barcelona,Barcelona,,Spain,12,35675GRU,Guarulhos Intl,Sao Paulo-Guarulhos,SP,Brazil,CAC,A.Mendes da Silva,Cascavel,PR,Brazil,20,34771GRU,Guarulhos Intl,Sao Paulo-Guarulhos,SP,Brazil,MXP,Malpensa,Milan-Malpensa,,Italy,11,34471GRU,Guarulhos Intl,Sao Paulo-Guarulhos,SP,Brazil,JOI,Lauro Carneiro Loyola,Joinville,SC,Brazil,44,32820GRU,Guarulhos Intl,Sao Paulo-Guarulhos,SP,Brazil,UDI,Cesar Bombonato,Uberlandia,MG,Brazil,27,32787GRU,Guarulhos Intl,Sao Paulo-Guarulhos,SP,Brazil,ROS,Islas Malvinas,Rosario,SF,Argentina,26,30840GRU,Guarulhos Intl,Sao Paulo-Guarulhos,SP,Brazil,MUC,Franz Josef Strauss International,Munich,,Germany,15,29890GRU,Guarulhos Intl,Sao Paulo-Guarulhos,SP,Brazil,ATL,Hartsfield-Jackson ATL,Atlanta,GA,United States,35,29542GRU,Guarulhos Intl,Sao Paulo-Guarulhos,SP,Brazil,JDO,O. Bezerra de Menezes,Juazeiro Do Norte,CE,Brazil,10,27558GRU,Guarulhos Intl,Sao Paulo-Guarulhos,SP,Brazil,AGT,Guarani International Airport,Ciudad Del Este,,Paraguay,19,26682GRU,Guarulhos Intl,Sao Paulo-Guarulhos,SP,Brazil,DFW,Dallas/Ft Worth Intl,Dallas/Fort Worth,TX,United States,4,24396GRU,Guarulhos Intl,Sao Paulo-Guarulhos,SP,Brazil,LAD,4 De Fevereiro,Luanda,,Angola,5,24380GRU,Guarulhos Intl,Sao Paulo-Guarulhos,SP,Brazil,CMN,Mohammed V,Casablanca,,Morocco,16,24240GRU,Guarulhos Intl,Sao Paulo-Guarulhos,SP,Brazil,JTC,Moussa Nakhl Tobias,Bauru,SP,Brazil,12,21930GRU,Guarulhos Intl,Sao Paulo-Guarulhos,SP,Brazil,YYZ,Lester B. Pearson Intl,Toronto,ON,Canada,4,21008GRU,Guarulhos Intl,Sao Paulo-Guarulhos,SP,Brazil,DTW,Metropolitan Wayne County,Detroit,MI,United States,22,15935GRU,Guarulhos Intl,Sao Paulo-Guarulhos,SP,Brazil,LAX,Los Angeles Intl,Los Angeles,CA,United States,8,15368GRU,Guarulhos Intl,Sao Paulo-Guarulhos,SP,Brazil,ADD,Bole International,Addis Ababa,,Ethiopia,7,14850GRU,Guarulhos Intl,Sao Paulo-Guarulhos,SP,Brazil,OPO,Porto,Porto,,Portugal,6,13939GRU,Guarulhos Intl,Sao Paulo-Guarulhos,SP,Brazil,VDC,P. Otacilio Figueiredo,Vitoria da Conquista,BA,Brazil,8,13467GRU,Guarulhos Intl,Sao Paulo-Guarulhos,SP,Brazil,IOS,Jorge Amado,Ilheus,BA,Brazil,10,13310GRU,Guarulhos Intl,Sao Paulo-Guarulhos,SP,Brazil,SJP,Eribelto Manoel Reino,Sao Jose do Rio Preto,SP,Brazil,8,13266GRU,Guarulhos Intl,Sao Paulo-Guarulhos,SP,Brazil,CBB,Jorge Wilstermann Intl,Cochabamba,,Bolivia,6,11492GRU,Guarulhos Intl,Sao Paulo-Guarulhos,SP,Brazil,CCS,Simon Bolivar International,Caracas,,Venezuela,12,10527GRU,Guarulhos Intl,Sao Paulo-Guarulhos,SP,Brazil,PLU,Pampulha,Belo Horizonte,MG,Brazil,6,9800GRU,Guarulhos Intl,Sao Paulo-Guarulhos,SP,Brazil,PUJ,Punta Cana International,Punta Cana,,Dominican Republic,15,9027GRU,Guarulhos Intl,Sao Paulo-Guarulhos,SP,Brazil,PVH,J.T. de Oliveira Intl,Porto Velho,RO,Brazil,9,8874GRU,Guarulhos Intl,Sao Paulo-Guarulhos,SP,Brazil,PFB,Lauro Kurtz,Passo Fundo,RS,Brazil,11,8640GRU,Guarulhos Intl,Sao Paulo-Guarulhos,SP,Brazil,UIO,Mariscal Sucre Intl,Quito,,Ecuador,6,7576GRU,Guarulhos Intl,Sao Paulo-Guarulhos,SP,Brazil,CUN,Cancun International,Cancun,,Mexico,10,6983GRU,Guarulhos Intl,Sao Paulo-Guarulhos,SP,Brazil,DOU,F. de Matos Pereira,Dourados,MS,Brazil,7,6834GRU,Guarulhos Intl,Sao Paulo-Guarulhos,SP,Brazil,MDZ,El Plumerillo,Mendoza,MD,Argentina,5,5244GRU,Guarulhos Intl,Sao Paulo-Guarulhos,SP,Brazil,IZA,Presidente I. Franco,Juiz de Fora,MG,Brazil,7,3290GRU,Guarulhos Intl,Sao Paulo-Guarulhos,SP,Brazil,UBA,M. de Almeida Franco,Uberaba,MG,Brazil,2,2948GRU,Guarulhos Intl,Sao Paulo-Guarulhos,SP,Brazil,PDP,Punta Del Este-Arpt,Punta Del Este,,Uruguay,8,2262GRU,Guarulhos Intl,Sao Paulo-Guarulhos,SP,Brazil,BGI,Grantley Adams International,Bridgetown,,Barbados,3,1770GRU,Guarulhos Intl,Sao Paulo-Guarulhos,SP,Brazil,AUA,Reina Beatrix,Aruba,,Aruba,6,1416GRU,Guarulhos Intl,Sao Paulo-Guarulhos,SP,Brazil,HAV,Jose Marti Intl,Havana,,Cuba,1,534GRU,Guarulhos Intl,Sao Paulo-Guarulhos,SP,Brazil,CLV,Nelson R. Guimaraes,Caldas Novas,GO,Brazil,2,280