Origin,Origin Name,Origin City,Origin State,Origin Country,Destination,Destination Name,Destination City,Destination State,Destination Country,Occurrences,Total SeatsGRU,Guarulhos Intl,Sao Paulo-Guarulhos,SP,Brazil,POA,Salgado Filho Intl,Porto Alegre,RS,Brazil,116,528999GRU,Guarulhos Intl,Sao Paulo-Guarulhos,SP,Brazil,SSA,Luis E. Magalhaes Intl,Salvador,BA,Brazil,118,488924GRU,Guarulhos Intl,Sao Paulo-Guarulhos,SP,Brazil,CWB,Afonso Pena International,Curitiba,PR,Brazil,111,476065GRU,Guarulhos Intl,Sao Paulo-Guarulhos,SP,Brazil,SCL,Arturo M Benitez,Santiago,,Chile,168,408574GRU,Guarulhos Intl,Sao Paulo-Guarulhos,SP,Brazil,FOR,Pinto Martins International,Fortaleza,CE,Brazil,99,382435GRU,Guarulhos Intl,Sao Paulo-Guarulhos,SP,Brazil,CNF,Tancredo Never International,Belo Horizonte,MG,Brazil,103,362458GRU,Guarulhos Intl,Sao Paulo-Guarulhos,SP,Brazil,GIG,Galeao-A.C.Jobim Intl,Rio De Janeiro,RJ,Brazil,73,350879GRU,Guarulhos Intl,Sao Paulo-Guarulhos,SP,Brazil,REC,Guararapes International,Recife,PE,Brazil,91,341355GRU,Guarulhos Intl,Sao Paulo-Guarulhos,SP,Brazil,BSB,J. Kubitschek Intl,Brasilia,DF,Brazil,78,329823GRU,Guarulhos Intl,Sao Paulo-Guarulhos,SP,Brazil,SDU,Santos Dumont,Rio de Janeiro-Santos,RJ,Brazil,74,318840GRU,Guarulhos Intl,Sao Paulo-Guarulhos,SP,Brazil,FLN,Hercilio Luz International,Florianopolis,SC,Brazil,52,268782GRU,Guarulhos Intl,Sao Paulo-Guarulhos,SP,Brazil,MCZ,Zumbi dos Palmares Int,Maceio,AL,Brazil,51,216245GRU,Guarulhos Intl,Sao Paulo-Guarulhos,SP,Brazil,VIX,E. de Aguiar Salles,Vitoria,ES,Brazil,49,214454GRU,Guarulhos Intl,Sao Paulo-Guarulhos,SP,Brazil,EZE,Ministro Pistarini,Buenos Aires,BA,Argentina,54,213734GRU,Guarulhos Intl,Sao Paulo-Guarulhos,SP,Brazil,MIA,Miami International,Miami,FL,United States,42,209337GRU,Guarulhos Intl,Sao Paulo-Guarulhos,SP,Brazil,CGB,Marechal Rondon Intl,Cuiaba,MT,Brazil,34,185693GRU,Guarulhos Intl,Sao Paulo-Guarulhos,SP,Brazil,AEP,Jorge Newbery,Buenos Aires-Newbery,BA,Argentina,146,181906GRU,Guarulhos Intl,Sao Paulo-Guarulhos,SP,Brazil,GYN,Santa Genoveva,Goiania,GO,Brazil,50,173184GRU,Guarulhos Intl,Sao Paulo-Guarulhos,SP,Brazil,NAT,Natal International,Natal,RN,Brazil,34,171808GRU,Guarulhos Intl,Sao Paulo-Guarulhos,SP,Brazil,CDG,Charles De Gaulle,Paris-De Gaulle,,France,19,168060GRU,Guarulhos Intl,Sao Paulo-Guarulhos,SP,Brazil,PTY,"Tocumen Intl, Panama R",Panama City,,Panama,18,161642GRU,Guarulhos Intl,Sao Paulo-Guarulhos,SP,Brazil,JFK,John F Kennedy Intl,New York-JFK,NY,United States,69,160464GRU,Guarulhos Intl,Sao Paulo-Guarulhos,SP,Brazil,BEL,Val de Cans Intl,Belem,PA,Brazil,30,157169GRU,Guarulhos Intl,Sao Paulo-Guarulhos,SP,Brazil,IGU,Cataratas International,Foz do Iguacu,PR,Brazil,28,152185GRU,Guarulhos Intl,Sao Paulo-Guarulhos,SP,Brazil,FRA,Frankfurt International Airport,Frankfurt,,Germany,7,143974GRU,Guarulhos Intl,Sao Paulo-Guarulhos,SP,Brazil,MAO,Eduardo Gomes Intl,Manaus,AM,Brazil,29,139256GRU,Guarulhos Intl,Sao Paulo-Guarulhos,SP,Brazil,MAD,Adolfo Suarez-Barajas,Madrid,,Spain,45,130430GRU,Guarulhos Intl,Sao Paulo-Guarulhos,SP,Brazil,LHR,Heathrow,London-Heathrow,EN,United Kingdom,24,126856GRU,Guarulhos Intl,Sao Paulo-Guarulhos,SP,Brazil,BOG,El Dorado Intl,Bogota,,Colombia,28,124020GRU,Guarulhos Intl,Sao Paulo-Guarulhos,SP,Brazil,AJU,Santa Maria,Aracaju,SE,Brazil,23,111011GRU,Guarulhos Intl,Sao Paulo-Guarulhos,SP,Brazil,LIM,Jorge Chavez Intl,Lima,,Peru,43,105150GRU,Guarulhos Intl,Sao Paulo-Guarulhos,SP,Brazil,CGR,Campo Grande International,Campo Grande,MS,Brazil,24,104665GRU,Guarulhos Intl,Sao Paulo-Guarulhos,SP,Brazil,MVD,Carrasco,Montevideo,,Uruguay,41,100307GRU,Guarulhos Intl,Sao Paulo-Guarulhos,SP,Brazil,MEX,Benito Juarez Intl,Mexico City,,Mexico,65,85277GRU,Guarulhos Intl,Sao Paulo-Guarulhos,SP,Brazil,ASU,Silvio Pettirossi Intl,Asuncion,,Paraguay,39,83665GRU,Guarulhos Intl,Sao Paulo-Guarulhos,SP,Brazil,NVT,Victor Konder Intl,Navegantes,SC,Brazil,17,81776GRU,Guarulhos Intl,Sao Paulo-Guarulhos,SP,Brazil,JPA,Castro Pinto International,Joao Pessoa,PB,Brazil,28,81237GRU,Guarulhos Intl,Sao Paulo-Guarulhos,SP,Brazil,SLZ,Cunha Machado Intl,Sao Luiz,MA,Brazil,34,72617GRU,Guarulhos Intl,Sao Paulo-Guarulhos,SP,Brazil,BPS,Porto Seguro,Porto Seguro,BA,Brazil,27,72400GRU,Guarulhos Intl,Sao Paulo-Guarulhos,SP,Brazil,LIS,Lisboa,Lisbon,,Portugal,37,70994GRU,Guarulhos Intl,Sao Paulo-Guarulhos,SP,Brazil,DOH,Hamad International Airport,Doha,,Qatar,5,66045GRU,Guarulhos Intl,Sao Paulo-Guarulhos,SP,Brazil,MCO,Orlando Intl,Orlando,FL,United States,22,63736GRU,Guarulhos Intl,Sao Paulo-Guarulhos,SP,Brazil,DXB,Dubai International,Dubai,,United Arab Emirates,3,61725GRU,Guarulhos Intl,Sao Paulo-Guarulhos,SP,Brazil,MXP,Malpensa,Milan-Malpensa,,Italy,30,61663GRU,Guarulhos Intl,Sao Paulo-Guarulhos,SP,Brazil,IST,Ataturk,Istanbul,,Turkey,7,61455GRU,Guarulhos Intl,Sao Paulo-Guarulhos,SP,Brazil,LAX,Los Angeles Intl,Los Angeles,CA,United States,6,58972GRU,Guarulhos Intl,Sao Paulo-Guarulhos,SP,Brazil,MGF,Silvio Name Jr.,Maringa,PR,Brazil,11,52518GRU,Guarulhos Intl,Sao Paulo-Guarulhos,SP,Brazil,JNB,O.R. Tambo International Airport,Johannesburg,,South Africa,70,49537GRU,Guarulhos Intl,Sao Paulo-Guarulhos,SP,Brazil,LDB,Jose Richa,Londrina,PR,Brazil,16,45033GRU,Guarulhos Intl,Sao Paulo-Guarulhos,SP,Brazil,THE,Petronio Portella,Teresina,PI,Brazil,13,43077GRU,Guarulhos Intl,Sao Paulo-Guarulhos,SP,Brazil,YYZ,Lester B. Pearson Intl,Toronto,ON,Canada,8,43031GRU,Guarulhos Intl,Sao Paulo-Guarulhos,SP,Brazil,ATL,Hartsfield-Jackson ATL,Atlanta,GA,United States,35,41755GRU,Guarulhos Intl,Sao Paulo-Guarulhos,SP,Brazil,UDI,Cesar Bombonato,Uberlandia,MG,Brazil,7,40758GRU,Guarulhos Intl,Sao Paulo-Guarulhos,SP,Brazil,JOI,Lauro Carneiro Loyola,Joinville,SC,Brazil,16,40546GRU,Guarulhos Intl,Sao Paulo-Guarulhos,SP,Brazil,IAH,George Bush Intercontinental,Houston-Intercontinental,TX,United States,7,38982GRU,Guarulhos Intl,Sao Paulo-Guarulhos,SP,Brazil,PPB,Presidente Prudente,Presidente Prudente,SP,Brazil,4,38226GRU,Guarulhos Intl,Sao Paulo-Guarulhos,SP,Brazil,VVI,Viru Viru Intl,Santa Cruz-Viru Viru,,Bolivia,3,37614GRU,Guarulhos Intl,Sao Paulo-Guarulhos,SP,Brazil,RAO,Leite Lopes,Ribeirao Preto,SP,Brazil,10,37550GRU,Guarulhos Intl,Sao Paulo-Guarulhos,SP,Brazil,JTC,Moussa Nakhl Tobias,Bauru,SP,Brazil,5,35448GRU,Guarulhos Intl,Sao Paulo-Guarulhos,SP,Brazil,MUC,Franz Josef Strauss International,Munich,,Germany,12,33245GRU,Guarulhos Intl,Sao Paulo-Guarulhos,SP,Brazil,AMS,Schiphol,Amsterdam,,Netherlands,3,32760GRU,Guarulhos Intl,Sao Paulo-Guarulhos,SP,Brazil,COR,Pajas Blancas,Cordoba,CD,Argentina,7,30726GRU,Guarulhos Intl,Sao Paulo-Guarulhos,SP,Brazil,DFW,Dallas/Ft Worth Intl,Dallas/Fort Worth,TX,United States,7,30393GRU,Guarulhos Intl,Sao Paulo-Guarulhos,SP,Brazil,CAC,A.Mendes da Silva,Cascavel,PR,Brazil,6,29343GRU,Guarulhos Intl,Sao Paulo-Guarulhos,SP,Brazil,ZRH,Zurich,Zurich,,Switzerland,7,28032GRU,Guarulhos Intl,Sao Paulo-Guarulhos,SP,Brazil,BCN,Barcelona,Barcelona,,Spain,6,27646GRU,Guarulhos Intl,Sao Paulo-Guarulhos,SP,Brazil,EWR,Newark Intl,Newark,NJ,United States,5,27346GRU,Guarulhos Intl,Sao Paulo-Guarulhos,SP,Brazil,AUH,Abu Dhabi Intl,Abu Dhabi,,United Arab Emirates,3,27320GRU,Guarulhos Intl,Sao Paulo-Guarulhos,SP,Brazil,ROS,Islas Malvinas,Rosario,SF,Argentina,8,26814GRU,Guarulhos Intl,Sao Paulo-Guarulhos,SP,Brazil,FCO,Fiumicino,Rome-Da Vinci,,Italy,4,26663GRU,Guarulhos Intl,Sao Paulo-Guarulhos,SP,Brazil,JDO,O. Bezerra de Menezes,Juazeiro Do Norte,CE,Brazil,2,23046GRU,Guarulhos Intl,Sao Paulo-Guarulhos,SP,Brazil,DTW,Metropolitan Wayne County,Detroit,MI,United States,12,21828GRU,Guarulhos Intl,Sao Paulo-Guarulhos,SP,Brazil,IAD,Dulles International,Washington-Dulles,VA,United States,5,21435GRU,Guarulhos Intl,Sao Paulo-Guarulhos,SP,Brazil,ORD,O'Hare International,Chicago-O'Hare,IL,United States,4,21149GRU,Guarulhos Intl,Sao Paulo-Guarulhos,SP,Brazil,PUJ,Punta Cana International,Punta Cana,,Dominican Republic,9,20355GRU,Guarulhos Intl,Sao Paulo-Guarulhos,SP,Brazil,CMN,Mohammed V,Casablanca,,Morocco,8,19680GRU,Guarulhos Intl,Sao Paulo-Guarulhos,SP,Brazil,CCS,Simon Bolivar International,Caracas,,Venezuela,6,17115GRU,Guarulhos Intl,Sao Paulo-Guarulhos,SP,Brazil,IOS,Jorge Amado,Ilheus,BA,Brazil,2,17110GRU,Guarulhos Intl,Sao Paulo-Guarulhos,SP,Brazil,PLU,Pampulha,Belo Horizonte,MG,Brazil,3,14770GRU,Guarulhos Intl,Sao Paulo-Guarulhos,SP,Brazil,LAD,4 De Fevereiro,Luanda,,Angola,1,14045GRU,Guarulhos Intl,Sao Paulo-Guarulhos,SP,Brazil,AGT,Guarani International Airport,Ciudad Del Este,,Paraguay,7,12252GRU,Guarulhos Intl,Sao Paulo-Guarulhos,SP,Brazil,SJP,Eribelto Manoel Reino,Sao Jose do Rio Preto,SP,Brazil,2,12194GRU,Guarulhos Intl,Sao Paulo-Guarulhos,SP,Brazil,PFB,Lauro Kurtz,Passo Fundo,RS,Brazil,5,9960GRU,Guarulhos Intl,Sao Paulo-Guarulhos,SP,Brazil,ADD,Bole International,Addis Ababa,,Ethiopia,3,9450GRU,Guarulhos Intl,Sao Paulo-Guarulhos,SP,Brazil,DOU,F. de Matos Pereira,Dourados,MS,Brazil,3,8844GRU,Guarulhos Intl,Sao Paulo-Guarulhos,SP,Brazil,CUN,Cancun International,Cancun,,Mexico,5,8551GRU,Guarulhos Intl,Sao Paulo-Guarulhos,SP,Brazil,MDZ,El Plumerillo,Mendoza,MD,Argentina,2,7176GRU,Guarulhos Intl,Sao Paulo-Guarulhos,SP,Brazil,OPO,Porto,Porto,,Portugal,4,7153GRU,Guarulhos Intl,Sao Paulo-Guarulhos,SP,Brazil,VDC,P. Otacilio Figueiredo,Vitoria da Conquista,BA,Brazil,2,6968GRU,Guarulhos Intl,Sao Paulo-Guarulhos,SP,Brazil,PVH,J.T. de Oliveira Intl,Porto Velho,RO,Brazil,2,6396GRU,Guarulhos Intl,Sao Paulo-Guarulhos,SP,Brazil,IZA,Presidente I. Franco,Juiz de Fora,MG,Brazil,2,5530GRU,Guarulhos Intl,Sao Paulo-Guarulhos,SP,Brazil,CBB,Jorge Wilstermann Intl,Cochabamba,,Bolivia,1,5265GRU,Guarulhos Intl,Sao Paulo-Guarulhos,SP,Brazil,UBA,M. de Almeida Franco,Uberaba,MG,Brazil,1,4422GRU,Guarulhos Intl,Sao Paulo-Guarulhos,SP,Brazil,PDP,Punta Del Este-Arpt,Punta Del Este,,Uruguay,3,4350GRU,Guarulhos Intl,Sao Paulo-Guarulhos,SP,Brazil,UIO,Mariscal Sucre Intl,Quito,,Ecuador,1,3645GRU,Guarulhos Intl,Sao Paulo-Guarulhos,SP,Brazil,BGI,Grantley Adams International,Bridgetown,,Barbados,1,2301GRU,Guarulhos Intl,Sao Paulo-Guarulhos,SP,Brazil,AUA,Reina Beatrix,Aruba,,Aruba,1,2301